Data;OPERAÇÃO COMERCIAL;Qtde (Metro cúbico);Valor US$ FOB
2000-04-01;EXPORTAÇÃO;0.0;0
2000-08-01;EXPORTAÇÃO;0.0;0
2000-12-01;EXPORTAÇÃO;419950.4202;59930153
2000-02-01;EXPORTAÇÃO;0.068537786;51
2000-01-01;EXPORTAÇÃO;0.0;0
2000-07-01;EXPORTAÇÃO;352685.9778;50862353
2000-06-01;EXPORTAÇÃO;66231.37008;8830391
2000-05-01;EXPORTAÇÃO;0.0;0
2000-03-01;EXPORTAÇÃO;0.0;0
2000-11-01;EXPORTAÇÃO;245182.6802;38934539
2000-10-01;EXPORTAÇÃO;0.0;0
2000-09-01;EXPORTAÇÃO;28.08925642;27486
2000-04-01;IMPORTAÇÃO;1717433.541;323484334
2000-08-01;IMPORTAÇÃO;2753271.691;519766652
2000-12-01;IMPORTAÇÃO;1486358.89;300427821
2000-02-01;IMPORTAÇÃO;1837306.432;322272219
2000-01-01;IMPORTAÇÃO;1290550.568;217681804
2000-07-01;IMPORTAÇÃO;1939384.258;375438416
2000-06-01;IMPORTAÇÃO;2483588.63;450747845
2000-05-01;IMPORTAÇÃO;2159317.299;341558361
2000-03-01;IMPORTAÇÃO;2119427.893;397505540
2000-11-01;IMPORTAÇÃO;1474147.784;295353034
2000-10-01;IMPORTAÇÃO;1699983.718;354696297
2000-09-01;IMPORTAÇÃO;2140166.66;406683061
2001-04-01;EXPORTAÇÃO;748724.3163;79974562
2001-08-01;EXPORTAÇÃO;391767.5872;47229478
2001-12-01;EXPORTAÇÃO;1057664.932;88828204
2001-02-01;EXPORTAÇÃO;738842.4541;85843872
2001-01-01;EXPORTAÇÃO;482738.5317;66156287
2001-07-01;EXPORTAÇÃO;616281.9161;74907022
2001-06-01;EXPORTAÇÃO;706233.0049;87475491
2001-05-01;EXPORTAÇÃO;741129.7937;75495898
2001-03-01;EXPORTAÇÃO;62826.26458;8562194
2001-11-01;EXPORTAÇÃO;279997.0439;35941686
2001-10-01;EXPORTAÇÃO;393100.3674;45721755
2001-09-01;EXPORTAÇÃO;209173.6961;24735018
2001-04-01;IMPORTAÇÃO;1419867.271;222246150
2001-08-01;IMPORTAÇÃO;2583800.741;423977588
2001-12-01;IMPORTAÇÃO;2080112.922;262431101
2001-02-01;IMPORTAÇÃO;1618981.199;285981303
2001-01-01;IMPORTAÇÃO;2081777.052;353225516
2001-07-01;IMPORTAÇÃO;1884416.415;340138400
2001-06-01;IMPORTAÇÃO;2671940.565;463816936
2001-05-01;IMPORTAÇÃO;1644812.38;284745212
2001-03-01;IMPORTAÇÃO;1827976.918;337866181
2001-11-01;IMPORTAÇÃO;1893801.902;256319394
2001-10-01;IMPORTAÇÃO;2656514.357;448425287
2001-09-01;IMPORTAÇÃO;1830965.243;290462798
2002-04-01;EXPORTAÇÃO;1013538.099;116807682
2002-08-01;EXPORTAÇÃO;1274312.249;166749234
2002-12-01;EXPORTAÇÃO;1423077.514;175203918
2002-02-01;EXPORTAÇÃO;547210.5245;45354146
2002-01-01;EXPORTAÇÃO;552396.8787;43039514
2002-07-01;EXPORTAÇÃO;2541184.281;318458938
2002-06-01;EXPORTAÇÃO;395299.2798;53591019
2002-05-01;EXPORTAÇÃO;1099351.913;141431989
2002-03-01;EXPORTAÇÃO;1203002.721;110677852
2002-11-01;EXPORTAÇÃO;824641.0317;116558589
2002-10-01;EXPORTAÇÃO;1603306.24;238460316
2002-09-01;EXPORTAÇÃO;1157500.411;165038539
2002-04-01;IMPORTAÇÃO;2143573.429;326273424
2002-08-01;IMPORTAÇÃO;1298684.651;219213839
2002-12-01;IMPORTAÇÃO;2076271.419;337439925
2002-02-01;IMPORTAÇÃO;1803683.437;210621960
2002-01-01;IMPORTAÇÃO;1565295.797;162625385
2002-07-01;IMPORTAÇÃO;1751512.486;277326035
2002-06-01;IMPORTAÇÃO;1267709.797;205576218
2002-05-01;IMPORTAÇÃO;2427338.768;404465186
2002-03-01;IMPORTAÇÃO;1748130.4;219831794
2002-11-01;IMPORTAÇÃO;1916068.948;354366611
2002-10-01;IMPORTAÇÃO;1995041.361;355854191
2002-09-01;IMPORTAÇÃO;2062286.515;344407372
2003-04-01;EXPORTAÇÃO;714792.9165;104745062
2003-08-01;EXPORTAÇÃO;763285.7451;113010231
2003-12-01;EXPORTAÇÃO;1737941.278;268933182
2003-02-01;EXPORTAÇÃO;1740856.466;273683107
2003-01-01;EXPORTAÇÃO;852918.4115;122667487
2003-07-01;EXPORTAÇÃO;1059870.356;153018416
2003-06-01;EXPORTAÇÃO;971146.2535;122826413
2003-05-01;EXPORTAÇÃO;933414.7935;112243387
2003-03-01;EXPORTAÇÃO;1335292.445;252928793
2003-11-01;EXPORTAÇÃO;1127795.972;175959350
2003-10-01;EXPORTAÇÃO;1409557.719;205555410
2003-09-01;EXPORTAÇÃO;1383157.46;216359485
2003-04-01;IMPORTAÇÃO;2031223.262;400320942
2003-08-01;IMPORTAÇÃO;1694618.881;326008332
2003-12-01;IMPORTAÇÃO;1031195.629;201563567
2003-02-01;IMPORTAÇÃO;1744121.865;360626059
2003-01-01;IMPORTAÇÃO;1624323.947;317694036
2003-07-01;IMPORTAÇÃO;1399148.713;261244558
2003-06-01;IMPORTAÇÃO;1520770.929;247080158
2003-05-01;IMPORTAÇÃO;955600.0199;167194269
2003-03-01;IMPORTAÇÃO;1495444.799;328897815
2003-11-01;IMPORTAÇÃO;1998672.417;372356545
2003-10-01;IMPORTAÇÃO;2377848.244;444151123
2003-09-01;IMPORTAÇÃO;2085511.374;392975513
2004-04-01;EXPORTAÇÃO;426625.2612;76173983
2004-08-01;EXPORTAÇÃO;1658509.767;321934004
2004-12-01;EXPORTAÇÃO;962787.6749;221454284
2004-02-01;EXPORTAÇÃO;1230354.491;200683383
2004-01-01;EXPORTAÇÃO;1457948.641;229737858
2004-07-01;EXPORTAÇÃO;1221364.846;231719816
2004-06-01;EXPORTAÇÃO;1517559.775;295307681
2004-05-01;EXPORTAÇÃO;1321002.169;231603147
2004-03-01;EXPORTAÇÃO;1572330.514;256672821
2004-11-01;EXPORTAÇÃO;810457.8119;192455031
2004-10-01;EXPORTAÇÃO;907741.625;199131186
2004-09-01;EXPORTAÇÃO;308239.5528;70818158
2004-04-01;IMPORTAÇÃO;2737462.495;623242349
2004-08-01;IMPORTAÇÃO;2320349.114;616693956
2004-12-01;IMPORTAÇÃO;2184204.974;649525220
2004-02-01;IMPORTAÇÃO;1429719.145;302317061
2004-01-01;IMPORTAÇÃO;2161977.096;444599401
2004-07-01;IMPORTAÇÃO;2545173.651;615900908
2004-06-01;IMPORTAÇÃO;2491229.817;634790720
2004-05-01;IMPORTAÇÃO;3050293.559;696658122
2004-03-01;IMPORTAÇÃO;2095855.36;448591851
2004-11-01;IMPORTAÇÃO;1849598.9;561849014
2004-10-01;IMPORTAÇÃO;2180677.925;640174859
2004-09-01;IMPORTAÇÃO;1866060.676;509211552
2005-04-01;EXPORTAÇÃO;1149399.499;290641403
2005-08-01;EXPORTAÇÃO;2193930.705;636207175
2005-12-01;EXPORTAÇÃO;1057431.697;299867060
2005-02-01;EXPORTAÇÃO;923937.9848;194290086
2005-01-01;EXPORTAÇÃO;1253124.902;213392000
2005-07-01;EXPORTAÇÃO;3532178.908;850080347
2005-06-01;EXPORTAÇÃO;93868.35082;23922092
2005-05-01;EXPORTAÇÃO;1279571.452;311845917
2005-03-01;EXPORTAÇÃO;571269.8599;117354610
2005-11-01;EXPORTAÇÃO;1563976.875;476863854
2005-10-01;EXPORTAÇÃO;593248.4781;189924472
2005-09-01;EXPORTAÇÃO;1717040.302;560060719
2005-04-01;IMPORTAÇÃO;1253909.496;405181619
2005-08-01;IMPORTAÇÃO;2227633.61;870458829
2005-12-01;IMPORTAÇÃO;2067212.06;826272696
2005-02-01;IMPORTAÇÃO;2354547.038;645668644
2005-01-01;IMPORTAÇÃO;2074738.192;545066012
2005-07-01;IMPORTAÇÃO;1792687.543;628159814
2005-06-01;IMPORTAÇÃO;1282507.706;429885244
2005-05-01;IMPORTAÇÃO;2484859.851;841942889
2005-03-01;IMPORTAÇÃO;1766655.79;547541989
2005-11-01;IMPORTAÇÃO;1850647.632;727727774
2005-10-01;IMPORTAÇÃO;1535076.291;643372052
2005-09-01;IMPORTAÇÃO;1283664.961;537163205
2006-04-01;EXPORTAÇÃO;1315794.929;402139078
2006-08-01;EXPORTAÇÃO;1906646.851;725090370
2006-12-01;EXPORTAÇÃO;2594288.303;745331539
2006-02-01;EXPORTAÇÃO;757099.8553;235088202
2006-01-01;EXPORTAÇÃO;2645724.429;721417096
2006-07-01;EXPORTAÇÃO;2374648.971;869938847
2006-06-01;EXPORTAÇÃO;1236422.443;448002825
2006-05-01;EXPORTAÇÃO;1114750.725;368935921
2006-03-01;EXPORTAÇÃO;1166874.587;360583552
2006-11-01;EXPORTAÇÃO;1887782.945;511483460
2006-10-01;EXPORTAÇÃO;1704740.659;536180576
2006-09-01;EXPORTAÇÃO;2652932.182;970097246
2006-04-01;IMPORTAÇÃO;1713594.453;723442757
2006-08-01;IMPORTAÇÃO;2623888.965;1271029059
2006-12-01;IMPORTAÇÃO;873815.6313;334904856
2006-02-01;IMPORTAÇÃO;1593435.498;611746491
2006-01-01;IMPORTAÇÃO;1159936.392;461806420
2006-07-01;IMPORTAÇÃO;1484157.25;689305175
2006-06-01;IMPORTAÇÃO;1669938.328;783113799
2006-05-01;IMPORTAÇÃO;1988829.264;889655485
2006-03-01;IMPORTAÇÃO;2228251.38;901686256
2006-11-01;IMPORTAÇÃO;2405519.63;1004485651
2006-10-01;IMPORTAÇÃO;1797609.349;771930122
2006-09-01;IMPORTAÇÃO;1369143.4;644900149
2007-04-01;EXPORTAÇÃO;2260141.543;695026639
2007-08-01;EXPORTAÇÃO;2280964.383;874899327
2007-12-01;EXPORTAÇÃO;2722158.359;1346023676
2007-02-01;EXPORTAÇÃO;1841972.34;484405508
2007-01-01;EXPORTAÇÃO;2375267.124;708401020
2007-07-01;EXPORTAÇÃO;1965175.441;702271728
2007-06-01;EXPORTAÇÃO;1474994.756;488465839
2007-05-01;EXPORTAÇÃO;1753458.071;570385642
2007-03-01;EXPORTAÇÃO;1880798.67;542596040
2007-11-01;EXPORTAÇÃO;1633206.874;755651537
2007-10-01;EXPORTAÇÃO;2370797.831;1008655552
2007-09-01;EXPORTAÇÃO;1895253.899;728282955
2007-04-01;IMPORTAÇÃO;1770476.762;741118050
2007-08-01;IMPORTAÇÃO;1737637.4;848269267
2007-12-01;IMPORTAÇÃO;1976647.035;1197234885
2007-02-01;IMPORTAÇÃO;1673133.601;644148803
2007-01-01;IMPORTAÇÃO;2234933.634;914161052
2007-07-01;IMPORTAÇÃO;2694782.249;1279594934
2007-06-01;IMPORTAÇÃO;1626775.979;738921510
2007-05-01;IMPORTAÇÃO;1970137.309;858937900
2007-03-01;IMPORTAÇÃO;2501853.943;953878496
2007-11-01;IMPORTAÇÃO;2227857.395;1307050922
2007-10-01;IMPORTAÇÃO;2811274.779;1438669089
2007-09-01;IMPORTAÇÃO;2154152.981;1052030332
2008-04-01;EXPORTAÇÃO;307365.3516;147273473
2008-08-01;EXPORTAÇÃO;2688963.981;1950324900
2008-12-01;EXPORTAÇÃO;4055184.801;1166799569
2008-02-01;EXPORTAÇÃO;1251104.869;607035185
2008-01-01;EXPORTAÇÃO;1221416.922;615869133
2008-07-01;EXPORTAÇÃO;1977527.791;1405623267
2008-06-01;EXPORTAÇÃO;2584016.868;1799810490
2008-05-01;EXPORTAÇÃO;3354216.258;1939748035
2008-03-01;EXPORTAÇÃO;678752.0304;367863659
2008-11-01;EXPORTAÇÃO;2858233.926;1125021707
2008-10-01;EXPORTAÇÃO;2371801.061;1450355341
2008-09-01;EXPORTAÇÃO;1788926.615;1107032760
2008-04-01;IMPORTAÇÃO;1637137.905;1145705946
2008-08-01;IMPORTAÇÃO;2367298.467;2003484147
2008-12-01;IMPORTAÇÃO;2024250.201;794700155
2008-02-01;IMPORTAÇÃO;1780871.422;1065393959
2008-01-01;IMPORTAÇÃO;1568997.831;966387546
2008-07-01;IMPORTAÇÃO;2317086.852;2056163188
2008-06-01;IMPORTAÇÃO;2692026.841;2156138127
2008-05-01;IMPORTAÇÃO;2467915.353;1786731744
2008-03-01;IMPORTAÇÃO;1812964.245;1137076230
2008-11-01;IMPORTAÇÃO;1201807.653;653372237
2008-10-01;IMPORTAÇÃO;2117620.316;1457961178
2008-09-01;IMPORTAÇÃO;1734152.293;1349440124
2009-04-01;EXPORTAÇÃO;2404857.512;487156593
2009-08-01;EXPORTAÇÃO;3819313.539;1347738894
2009-12-01;EXPORTAÇÃO;2131495.253;943370723
2009-02-01;EXPORTAÇÃO;2596698.818;504198570
2009-01-01;EXPORTAÇÃO;1966594.408;343637965
2009-07-01;EXPORTAÇÃO;3781408.304;1278703323
2009-06-01;EXPORTAÇÃO;2034174.694;557516944
2009-05-01;EXPORTAÇÃO;2606485.979;602785281
2009-03-01;EXPORTAÇÃO;1774363.523;305990351
2009-11-01;EXPORTAÇÃO;2602636.575;1064318139
2009-10-01;EXPORTAÇÃO;3003245.876;1169958994
2009-09-01;EXPORTAÇÃO;1781780.774;765003495
2009-04-01;IMPORTAÇÃO;1771244.138;562068211
2009-08-01;IMPORTAÇÃO;1429010.557;650099374
2009-12-01;IMPORTAÇÃO;1927285.526;991708411
2009-02-01;IMPORTAÇÃO;1917350.646;560935492
2009-01-01;IMPORTAÇÃO;1716202.784;504513911
2009-07-01;IMPORTAÇÃO;2102730.728;946402496
2009-06-01;IMPORTAÇÃO;2022056.145;833892016
2009-05-01;IMPORTAÇÃO;2159849.188;731851131
2009-03-01;IMPORTAÇÃO;1748340.303;538287194
2009-11-01;IMPORTAÇÃO;1674080.82;823071332
2009-10-01;IMPORTAÇÃO;1901706.876;888941834
2009-09-01;IMPORTAÇÃO;2446901.465;1173716964
2010-04-01;EXPORTAÇÃO;2865707.219;1313522809
2010-08-01;EXPORTAÇÃO;3346050.786;1392656997
2010-12-01;EXPORTAÇÃO;6093020.0;2815505352
2010-02-01;EXPORTAÇÃO;2817657.0;1233606769
2010-01-01;EXPORTAÇÃO;2369114.0;1014449589
2010-07-01;EXPORTAÇÃO;1673388.459;711758481
2010-06-01;EXPORTAÇÃO;2787806.723;1194755082
2010-05-01;EXPORTAÇÃO;3688684.755;1743693234
2010-03-01;EXPORTAÇÃO;3514758.053;1524449171
2010-11-01;EXPORTAÇÃO;2928768.672;1333048223
2010-10-01;EXPORTAÇÃO;1622016.694;716646334
2010-09-01;EXPORTAÇÃO;2938267.171;1299147999
2010-04-01;IMPORTAÇÃO;1904782.619;1007200490
2010-08-01;IMPORTAÇÃO;1074402.723;561547215
2010-12-01;IMPORTAÇÃO;1404940.95;775761516
2010-02-01;IMPORTAÇÃO;1769524.0;901503799
2010-01-01;IMPORTAÇÃO;1270622.0;630485721
2010-07-01;IMPORTAÇÃO;2361314.615;1117568866
2010-06-01;IMPORTAÇÃO;1822318.38;939907378
2010-05-01;IMPORTAÇÃO;1579962.094;848538859
2010-03-01;IMPORTAÇÃO;1770272.154;874665254
2010-11-01;IMPORTAÇÃO;1632526.067;874878727
2010-10-01;IMPORTAÇÃO;1299304.254;675585348
2010-09-01;IMPORTAÇÃO;1768556.004;888895380
2011-04-01;EXPORTAÇÃO;2469083.75;1536034093
2011-08-01;EXPORTAÇÃO;3689321.763;2396571771
2011-12-01;EXPORTAÇÃO;3948660.25;2527356605
2011-02-01;EXPORTAÇÃO;3146518.0;1677642545
2011-01-01;EXPORTAÇÃO;2293445.203;1188396928
2011-07-01;EXPORTAÇÃO;3156814.0;2023005424
2011-06-01;EXPORTAÇÃO;2779990.397;1866824289
2011-05-01;EXPORTAÇÃO;3951702.92;2693183311
2011-03-01;EXPORTAÇÃO;2094252.0;1143710739
2011-11-01;EXPORTAÇÃO;2400644.0;1522505197
2011-10-01;EXPORTAÇÃO;2750126.0;1750551624
2011-09-01;EXPORTAÇÃO;2399722.973;1459662419
2011-04-01;IMPORTAÇÃO;2164833.0;1634152678
2011-08-01;IMPORTAÇÃO;1416876.202;1058322410
2011-12-01;IMPORTAÇÃO;1260591.85;932238300
2011-02-01;IMPORTAÇÃO;1861389.765;1150523952
2011-01-01;IMPORTAÇÃO;1023328.411;640508832
2011-07-01;IMPORTAÇÃO;1026035.0;801771994
2011-06-01;IMPORTAÇÃO;1683584.0;1321038591
2011-05-01;IMPORTAÇÃO;1828406.0;1460130768
2011-03-01;IMPORTAÇÃO;1867903.484;1335650071
2011-11-01;IMPORTAÇÃO;1775224.0;1335371101
2011-10-01;IMPORTAÇÃO;1931387.0;1392620668
2011-09-01;IMPORTAÇÃO;1441261.0;1089476664
2012-04-01;EXPORTAÇÃO;3156675.021;2250979426
2012-08-01;EXPORTAÇÃO;4001876.332;2334210463
2012-12-01;EXPORTAÇÃO;3674111.834;2311014633
2012-02-01;EXPORTAÇÃO;2632470.687;1682153949
2012-01-01;EXPORTAÇÃO;2438161.834;1553983918
2012-07-01;EXPORTAÇÃO;2334936.835;1348032731
2012-06-01;EXPORTAÇÃO;1667295.976;1065155301
2012-05-01;EXPORTAÇÃO;2569591.008;1779810230
2012-03-01;EXPORTAÇÃO;3205606.444;2115644731
2012-11-01;EXPORTAÇÃO;2456275.182;1573939101
2012-10-01;EXPORTAÇÃO;1283882.973;794288048
2012-09-01;EXPORTAÇÃO;2460466.516;1496664060
2012-04-01;IMPORTAÇÃO;2020591.262;1643874628
2012-08-01;IMPORTAÇÃO;679917.1996;462050429
2012-12-01;IMPORTAÇÃO;1696042.047;1263639770
2012-02-01;IMPORTAÇÃO;962404.8743;730127399
2012-01-01;IMPORTAÇÃO;1502685.0;1118909736
2012-07-01;IMPORTAÇÃO;1869553.11;1235122745
2012-06-01;IMPORTAÇÃO;2265191.822;1664015742
2012-05-01;IMPORTAÇÃO;1551755.824;1225097942
2012-03-01;IMPORTAÇÃO;1369698.759;1122551552
2012-11-01;IMPORTAÇÃO;2193487.533;1567014194
2012-10-01;IMPORTAÇÃO;567239.9476;418055242
2012-09-01;IMPORTAÇÃO;1437658.551;998017992
2013-04-01;EXPORTAÇÃO;1133544.736;675674329
2013-08-01;EXPORTAÇÃO;1879212.81;1088002165
2013-12-01;EXPORTAÇÃO;3069962.243;1770642759
2013-02-01;EXPORTAÇÃO;1717736.893;1032218102
2013-01-01;EXPORTAÇÃO;818687.4823;473625468
2013-07-01;EXPORTAÇÃO;1292904.449;692158186
2013-06-01;EXPORTAÇÃO;1293103.038;728293100
2013-05-01;EXPORTAÇÃO;1943946.581;1096945579
2013-03-01;EXPORTAÇÃO;2043853.183;1290209733
2013-11-01;EXPORTAÇÃO;2684151.88;1574214894
2013-10-01;EXPORTAÇÃO;1647705.056;980878038
2013-09-01;EXPORTAÇÃO;2570836.643;1553745089
2013-04-01;IMPORTAÇÃO;1828551.873;1406353586
2013-08-01;IMPORTAÇÃO;992555.3183;708375962
2013-12-01;IMPORTAÇÃO;1850061.837;1384731474
2013-02-01;IMPORTAÇÃO;1520363.184;1122987868
2013-01-01;IMPORTAÇÃO;1698149.675;1220020142
2013-07-01;IMPORTAÇÃO;4502092.937;3144117294
2013-06-01;IMPORTAÇÃO;1393646.111;971222564
2013-05-01;IMPORTAÇÃO;2380842.646;1439387300
2013-03-01;IMPORTAÇÃO;1696638.945;1267772303
2013-11-01;IMPORTAÇÃO;1373961.276;988490968
2013-10-01;IMPORTAÇÃO;3060027.055;1925983963
2013-09-01;IMPORTAÇÃO;1207536.087;883859473
2014-04-01;EXPORTAÇÃO;1811362.118;1078398533
2014-08-01;EXPORTAÇÃO;2581866.222;1488898574
2014-12-01;EXPORTAÇÃO;3559645.512;1446464989
2014-02-01;EXPORTAÇÃO;1467415.183;795771598
2014-01-01;EXPORTAÇÃO;1897045.292;1111427967
2014-07-01;EXPORTAÇÃO;4356290.733;2602565612
2014-06-01;EXPORTAÇÃO;2424855.312;1417716022
2014-05-01;EXPORTAÇÃO;2501574.21;1435617332
2014-03-01;EXPORTAÇÃO;1687991.313;975553711
2014-11-01;EXPORTAÇÃO;2928139.611;1376055404
2014-10-01;EXPORTAÇÃO;2496706.647;1301079260
2014-09-01;EXPORTAÇÃO;2399525.337;1327190582
2014-04-01;IMPORTAÇÃO;1791902.745;1261020979
2014-08-01;IMPORTAÇÃO;1577758.329;1152543880
2014-12-01;IMPORTAÇÃO;2213379.939;1285964678
2014-02-01;IMPORTAÇÃO;2177695.181;1616699049
2014-01-01;IMPORTAÇÃO;1571408.989;1098324319
2014-07-01;IMPORTAÇÃO;2643681.424;1892551873
2014-06-01;IMPORTAÇÃO;1942532.484;1366113327
2014-05-01;IMPORTAÇÃO;1505718.4;1096436445
2014-03-01;IMPORTAÇÃO;1103637.679;809150401
2014-11-01;IMPORTAÇÃO;2069969.775;1291663525
2014-10-01;IMPORTAÇÃO;1482235.039;972343916
2014-09-01;IMPORTAÇÃO;2838399.749;2031123080
2015-04-01;EXPORTAÇÃO;3866146.984;1088393159
2015-08-01;EXPORTAÇÃO;4032912.784;1132640741
2015-12-01;EXPORTAÇÃO;4143389.235;876172681
2015-02-01;EXPORTAÇÃO;2765310.457;676721007
2015-01-01;EXPORTAÇÃO;3732468.319;1188709955
2015-07-01;EXPORTAÇÃO;3129111.482;1001821787
2015-06-01;EXPORTAÇÃO;4414593.771;1445919594
2015-05-01;EXPORTAÇÃO;3732575.904;1149737010
2015-03-01;EXPORTAÇÃO;2989342.215;849856388
2015-11-01;EXPORTAÇÃO;2759678.949;671700966
2015-10-01;EXPORTAÇÃO;3955529.446;911490679
2015-09-01;EXPORTAÇÃO;3232281.27;788144333
2015-04-01;IMPORTAÇÃO;933809.3781;357677096
2015-08-01;IMPORTAÇÃO;1256352.646;523967695
2015-12-01;IMPORTAÇÃO;1825972.265;568353116
2015-02-01;IMPORTAÇÃO;1959466.469;893358086
2015-01-01;IMPORTAÇÃO;346853.4006;189920026
2015-07-01;IMPORTAÇÃO;1314885.047;545401463
2015-06-01;IMPORTAÇÃO;1852745.795;745218754
2015-05-01;IMPORTAÇÃO;1095512.976;399557874
2015-03-01;IMPORTAÇÃO;1379517.896;544153025
2015-11-01;IMPORTAÇÃO;2092114.672;680414674
2015-10-01;IMPORTAÇÃO;3242332.237;1344407130
2015-09-01;IMPORTAÇÃO;1506401.488;588415321
2016-04-01;EXPORTAÇÃO;3926964.754;700856490
2016-08-01;EXPORTAÇÃO;4453150.127;1068827024
2016-12-01;EXPORTAÇÃO;2923629.484;689946446
2016-02-01;EXPORTAÇÃO;3566611.7;512908285
2016-01-01;EXPORTAÇÃO;4366319.81;811488525
2016-07-01;EXPORTAÇÃO;3634996.207;906794823
2016-06-01;EXPORTAÇÃO;4129295.378;966238279
2016-05-01;EXPORTAÇÃO;2614051.105;532942269
2016-03-01;EXPORTAÇÃO;3365326.294;510255830
2016-11-01;EXPORTAÇÃO;4322695.587;1161048155
2016-10-01;EXPORTAÇÃO;4435660.357;1110381320
2016-09-01;EXPORTAÇÃO;4583385.238;1102109822
2016-04-01;IMPORTAÇÃO;727263.9672;192239757
2016-08-01;IMPORTAÇÃO;566044.2364;175033942
2016-12-01;IMPORTAÇÃO;483383.9842;170159981
2016-02-01;IMPORTAÇÃO;1434966.971;375823862
2016-01-01;IMPORTAÇÃO;817938.9625;232367531
2016-07-01;IMPORTAÇÃO;650665.9141;210825086
2016-06-01;IMPORTAÇÃO;1232932.201;353547766
2016-05-01;IMPORTAÇÃO;987187.2867;228591881
2016-03-01;IMPORTAÇÃO;1126892.493;277105349
2016-11-01;IMPORTAÇÃO;816825.7947;228239833
2016-10-01;IMPORTAÇÃO;772188.7311;234539871
2016-09-01;IMPORTAÇÃO;746323.7706;220380927
2017-04-01;EXPORTAÇÃO;3521437.713;1000108139
2017-08-01;EXPORTAÇÃO;5093140.381;1346375840
2017-12-01;EXPORTAÇÃO;3371316.697;1174849249
2017-02-01;EXPORTAÇÃO;6928600.475;2072786736
2017-01-01;EXPORTAÇÃO;6194334.859;1764351878
2017-07-01;EXPORTAÇÃO;5989820.497;1559444323
2017-06-01;EXPORTAÇÃO;6893917.306;1974958222
2017-05-01;EXPORTAÇÃO;3928539.789;1084204184
2017-03-01;EXPORTAÇÃO;4454891.618;1311569791
2017-11-01;EXPORTAÇÃO;2812291.326;877012428
2017-10-01;EXPORTAÇÃO;4228830.353;1234825486
2017-09-01;EXPORTAÇÃO;4414123.593;1224510539
2017-04-01;IMPORTAÇÃO;599975.1321;217237751
2017-08-01;IMPORTAÇÃO;644490.2947;195107993
2017-12-01;IMPORTAÇÃO;652333.4105;271399262
2017-02-01;IMPORTAÇÃO;979391.9097;309412221
2017-01-01;IMPORTAÇÃO;397565.3473;118307174
2017-07-01;IMPORTAÇÃO;1079257.881;358275935
2017-06-01;IMPORTAÇÃO;927099.0978;312469853
2017-05-01;IMPORTAÇÃO;848567.2182;284433855
2017-03-01;IMPORTAÇÃO;217102.4763;86620514
2017-11-01;IMPORTAÇÃO;863962.649;314147839
2017-10-01;IMPORTAÇÃO;917299.9591;328329584
2017-09-01;IMPORTAÇÃO;533816.4271;171212195
2018-04-01;EXPORTAÇÃO;5088890.706;1866533334
2018-08-01;EXPORTAÇÃO;4704572.435;1992925456
2018-12-01;EXPORTAÇÃO;5258798.523;1719666531
2018-02-01;EXPORTAÇÃO;4046335.288;1526352825
2018-01-01;EXPORTAÇÃO;6117841.852;2097812220
2018-07-01;EXPORTAÇÃO;9012651.246;3465354755
2018-06-01;EXPORTAÇÃO;3181470.752;1225136635
2018-05-01;EXPORTAÇÃO;4210360.308;1659626149
2018-03-01;EXPORTAÇÃO;4612640.497;1697297641
2018-11-01;EXPORTAÇÃO;5087989.475;2112114191
2018-10-01;EXPORTAÇÃO;7530963.965;3113372773
2018-09-01;EXPORTAÇÃO;6333800.637;2620580793
2018-04-01;IMPORTAÇÃO;347136.3495;151366313
2018-08-01;IMPORTAÇÃO;1533654.094;727748775
2018-12-01;IMPORTAÇÃO;968834.8946;481875015
2018-02-01;IMPORTAÇÃO;905373.6082;386091562
2018-01-01;IMPORTAÇÃO;928042.7278;343679066
2018-07-01;IMPORTAÇÃO;635280.4854;320632360
2018-06-01;IMPORTAÇÃO;826599.1154;418800720
2018-05-01;IMPORTAÇÃO;758314.6754;335148290
2018-03-01;IMPORTAÇÃO;1065877.586;455994145
2018-11-01;IMPORTAÇÃO;360697.893;198898243
2018-10-01;IMPORTAÇÃO;1687504.554;830192299
2018-09-01;IMPORTAÇÃO;787649.4367;392074439
2019-04-01;EXPORTAÇÃO;7653496.376;2972157607
2019-08-01;EXPORTAÇÃO;5310990.361;1883137326
2019-12-01;EXPORTAÇÃO;9705514.214;2719673183
2019-02-01;EXPORTAÇÃO;4535468.119;1596785188
2019-01-01;EXPORTAÇÃO;5543138.437;2028953419
2019-07-01;EXPORTAÇÃO;4229438.764;1581879483
2019-06-01;EXPORTAÇÃO;4027529.327;1580083573
2019-05-01;EXPORTAÇÃO;5376136.232;2161957499
2019-03-01;EXPORTAÇÃO;5441944.563;1995565620
2019-11-01;EXPORTAÇÃO;4191961.349;1361476162
2019-10-01;EXPORTAÇÃO;5861484.062;2027454116
2019-09-01;EXPORTAÇÃO;6157725.748;2093208676
2019-04-01;IMPORTAÇÃO;525376.4841;234675439
2019-08-01;IMPORTAÇÃO;546062.448;228354217
2019-12-01;IMPORTAÇÃO;1163044.303;482245846
2019-02-01;IMPORTAÇÃO;619854.6113;247022286
2019-01-01;IMPORTAÇÃO;816655.6748;379404133
2019-07-01;IMPORTAÇÃO;1431950.921;632130643
2019-06-01;IMPORTAÇÃO;1165653.596;528019891
2019-05-01;IMPORTAÇÃO;1111798.586;494730549
2019-03-01;IMPORTAÇÃO;1256002.351;476876145
2019-11-01;IMPORTAÇÃO;998333.9609;384278635
2019-10-01;IMPORTAÇÃO;472774.0721;197377025
2019-09-01;IMPORTAÇÃO;875899.6646;366526669
2020-04-01;EXPORTAÇÃO;7516539.165;1817132843
2020-08-01;EXPORTAÇÃO;5975566.001;1496515261
2020-12-01;EXPORTAÇÃO;6002803.694;1588726881
2020-02-01;EXPORTAÇÃO;6683196.876;2316023766
2020-01-01;EXPORTAÇÃO;4797621.367;1707992442
2020-07-01;EXPORTAÇÃO;8857395.067;1928276220
2020-06-01;EXPORTAÇÃO;6191054.238;1156303100
2020-05-01;EXPORTAÇÃO;9382939.801;1386002196
2020-03-01;EXPORTAÇÃO;7252177.643;2023525034
2020-11-01;EXPORTAÇÃO;5993049.75;1459084689
2020-10-01;EXPORTAÇÃO;5193908.548;1262950878
2020-09-01;EXPORTAÇÃO;5710505.002;1471324597
2020-04-01;IMPORTAÇÃO;851060.2871;340394731
2020-08-01;IMPORTAÇÃO;333562.5576;86395749
2020-12-01;IMPORTAÇÃO;535096.4306;145230711
2020-02-01;IMPORTAÇÃO;810705.6;333210946
2020-01-01;IMPORTAÇÃO;508576.8341;207990370
2020-07-01;IMPORTAÇÃO;654205.6424;259549171
2020-06-01;IMPORTAÇÃO;1649147.353;485468302
2020-05-01;IMPORTAÇÃO;293178.1247;77926222
2020-03-01;IMPORTAÇÃO;781466.1165;301306165
2020-11-01;IMPORTAÇÃO;737467.1894;190356078
2020-10-01;IMPORTAÇÃO;353987.8953;98413669
2020-09-01;IMPORTAÇÃO;302422.1329;87489455
2021-04-01;EXPORTAÇÃO;7355438.584;2826701536
2021-08-01;EXPORTAÇÃO;7707015.75;3204026884
2021-12-01;EXPORTAÇÃO;6718050.799;3006933933
2021-02-01;EXPORTAÇÃO;5618996.133;1877907033
2021-01-01;EXPORTAÇÃO;5527369.74;1591315839
2021-07-01;EXPORTAÇÃO;4782734.682;2058804985
2021-06-01;EXPORTAÇÃO;9243048.068;3743887034
2021-05-01;EXPORTAÇÃO;5764589.241;2230682322
2021-03-01;EXPORTAÇÃO;7301429.29;2661483504
2021-11-01;EXPORTAÇÃO;4117719.632;1934787403
2021-10-01;EXPORTAÇÃO;6647774.506;2985889023
2021-09-01;EXPORTAÇÃO;5994072.501;2486562157
2021-04-01;IMPORTAÇÃO;1123810.065;424160511
2021-08-01;IMPORTAÇÃO;526463.5612;277679781
2021-12-01;IMPORTAÇÃO;597140.5894;301356337
2021-02-01;IMPORTAÇÃO;700485.7247;217992635
2021-01-01;IMPORTAÇÃO;225466.6812;96760569
2021-07-01;IMPORTAÇÃO;1434531.355;618138825
2021-06-01;IMPORTAÇÃO;814959.5706;318442506
2021-05-01;IMPORTAÇÃO;1293626.945;494418836
2021-03-01;IMPORTAÇÃO;641554.8859;247178152
2021-11-01;IMPORTAÇÃO;757670.1035;367436479
2021-10-01;IMPORTAÇÃO;614189.3518;276011205
2021-09-01;IMPORTAÇÃO;740044.9718;355679818
2022-04-01;EXPORTAÇÃO;5053338.635;3021133133
2022-08-01;EXPORTAÇÃO;6626203.272;3928197090
2022-12-01;EXPORTAÇÃO;9483963.892;4507383475
2022-02-01;EXPORTAÇÃO;7356855.233;3938875347
2022-01-01;EXPORTAÇÃO;4764135.488;2151151388
2022-07-01;EXPORTAÇÃO;5416851.62;3465105228
2022-06-01;EXPORTAÇÃO;6446306.202;3971869769
2022-05-01;EXPORTAÇÃO;5037222.707;3097566778
2022-03-01;EXPORTAÇÃO;6063586.297;3479507047
2022-11-01;EXPORTAÇÃO;9329301.166;4569070822
2022-10-01;EXPORTAÇÃO;6008856.739;2959747613
2022-09-01;EXPORTAÇÃO;6504997.79;3464156399
2022-04-01;IMPORTAÇÃO;823383.9341;611789336
2022-08-01;IMPORTAÇÃO;1134575.926;795493494
2022-12-01;IMPORTAÇÃO;2049666.419;1191903365
2022-02-01;IMPORTAÇÃO;920428.98;482247666
2022-01-01;IMPORTAÇÃO;1031858.447;536856773
2022-07-01;IMPORTAÇÃO;1095471.149;771529207
2022-06-01;IMPORTAÇÃO;1329164.024;899636765
2022-05-01;IMPORTAÇÃO;1039216.208;732948917
2022-03-01;IMPORTAÇÃO;1372892.289;762338310
2022-11-01;IMPORTAÇÃO;1663696.404;970883023
2022-10-01;IMPORTAÇÃO;1850988.567;1115473935
2022-09-01;IMPORTAÇÃO;1630029.82;1043765015
2023-04-01;EXPORTAÇÃO;5407328.877;2393081486
2023-08-01;EXPORTAÇÃO;8657614.333;3885415318
2023-12-01;EXPORTAÇÃO;7596378.385;3549804815
2023-02-01;EXPORTAÇÃO;2702389.576;1194413455
2023-01-01;EXPORTAÇÃO;7051840.653;3129360527
2023-07-01;EXPORTAÇÃO;8436470.292;3642496319
2023-06-01;EXPORTAÇÃO;6493896.503;2803459014
2023-05-01;EXPORTAÇÃO;8084956.809;3519997846
2023-03-01;EXPORTAÇÃO;12504190.45;5520902205
2023-11-01;EXPORTAÇÃO;8746421.613;4442141375
2023-10-01;EXPORTAÇÃO;8095972.003;4225096578
2023-09-01;EXPORTAÇÃO;8733408.488;4304909734
2023-04-01;IMPORTAÇÃO;1849561.615;965078205
2023-08-01;IMPORTAÇÃO;1416904.275;754668325
2023-12-01;IMPORTAÇÃO;758600.94;419120331
2023-02-01;IMPORTAÇÃO;1416130.438;744307687
2023-01-01;IMPORTAÇÃO;1785485.318;1011482402
2023-07-01;IMPORTAÇÃO;1630168.939;814150049
2023-06-01;IMPORTAÇÃO;986864.5929;481607399
2023-05-01;IMPORTAÇÃO;1423961.213;729014055
2023-03-01;IMPORTAÇÃO;1349900.714;695254886
2023-11-01;IMPORTAÇÃO;1091308.684;625982841
2023-10-01;IMPORTAÇÃO;1921137.554;1135465889
2023-09-01;IMPORTAÇÃO;1213850.138;682324083
2024-02-01;EXPORTAÇÃO;6250360.856;2712100038
2024-01-01;EXPORTAÇÃO;10757399.92;4877245796
2024-03-01;EXPORTAÇÃO;9002842.125;3562305210
2024-02-01;IMPORTAÇÃO;1241945.633;630074251
2024-01-01;IMPORTAÇÃO;1187264.631;613925609
2024-03-01;IMPORTAÇÃO;1477222.539;794040152
